{
  "__inputs": [
    {
      "name": "DS_JMETERDB",
      "label": "jmeterdb",
      "description": "",
      "type": "datasource",
      "pluginId": "influxdb",
      "pluginName": "InfluxDB"
    }
  ],
  "__requires": [
    {
      "type": "grafana",
      "id": "grafana",
      "name": "Grafana",
      "version": "5.2.0"
    },
    {
      "type": "panel",
      "id": "graph",
      "name": "Graph",
      "version": "5.0.0"
    },
    {
      "type": "datasource",
      "id": "influxdb",
      "name": "InfluxDB",
      "version": "5.0.0"
    },
    {
      "type": "panel",
      "id": "singlestat",
      "name": "Singlestat",
      "version": "5.0.0"
    }
  ],
  "annotations": {
    "list": [
      {
        "builtIn": 1,
        "datasource": "-- Grafana --",
        "enable": true,
        "hide": true,
        "iconColor": "rgba(0, 211, 255, 1)",
        "name": "Annotations & Alerts",
        "type": "dashboard"
      },
      {
        "datasource": "${DS_JMETERDB}",
        "enable": true,
        "iconColor": "rgb(237, 18, 18)",
        "iconSize": 17,
        "lineColor": "rgb(0, 21, 255)",
        "name": "Annotation",
        "query": "select text,tags,title from \"$retention\".\"events\" where application =~ /$app/ AND $timeFilter",
        "showLine": true,
        "tagsColumn": "tags",
        "textColumn": "text",
        "titleColumn": "title"
      }
    ]
  },
  "editable": true,
  "gnetId": null,
  "graphTooltip": 1,
  "id": null,
  "iteration": 1552478455724,
  "links": [
    {
      "asDropdown": true,
      "icon": "dashboard",
      "includeVars": true,
      "keepTime": true,
      "tags": [],
      "targetBlank": true,
      "tooltip": "",
      "type": "dashboards",
      "url": ""
    }
  ],
  "panels": [
    {
      "collapsed": false,
      "gridPos": {
        "h": 1,
        "w": 24,
        "x": 0,
        "y": 0
      },
      "id": 35,
      "panels": [],
      "repeat": null,
      "title": "Jmeter Metrics",
      "type": "row"
    },
    {
      "cacheTimeout": null,
      "colorBackground": false,
      "colorValue": false,
      "colors": [
        "rgba(245, 54, 54, 0.9)",
        "rgba(237, 129, 40, 0.89)",
        "rgba(50, 172, 45, 0.97)"
      ],
      "datasource": "${DS_JMETERDB}",
      "editable": true,
      "error": false,
      "format": "none",
      "gauge": {
        "maxValue": 100,
        "minValue": 0,
        "show": false,
        "thresholdLabels": false,
        "thresholdMarkers": true
      },
      "gridPos": {
        "h": 4,
        "w": 8,
        "x": 0,
        "y": 1
      },
      "id": 19,
      "interval": "$granularity",
      "links": [],
      "mappingType": 1,
      "mappingTypes": [
        {
          "name": "value to text",
          "value": 1
        },
        {
          "name": "range to text",
          "value": 2
        }
      ],
      "maxDataPoints": 100,
      "nullPointMode": "connected",
      "nullText": null,
      "postfix": " users",
      "postfixFontSize": "50%",
      "prefix": "",
      "prefixFontSize": "50%",
      "rangeMaps": [
        {
          "from": "null",
          "text": "N/A",
          "to": "null"
        }
      ],
      "sparkline": {
        "fillColor": "rgba(31, 118, 189, 0.18)",
        "full": true,
        "lineColor": "rgb(31, 120, 193)",
        "show": true
      },
      "tableColumn": "",
      "targets": [
        {
          "dsType": "influxdb",
          "groupBy": [
            {
              "params": [
                "$granularity"
              ],
              "type": "time"
            },
            {
              "params": [
                "null"
              ],
              "type": "fill"
            }
          ],
          "measurement": "jmeter",
          "policy": "$retention",
          "query": "SELECT last(\"startedT\") FROM \"jmeter\" WHERE \"application\" =~ /$app$/ AND $timeFilter GROUP BY time($granularity) fill(null)",
          "refId": "A",
          "resultFormat": "time_series",
          "select": [
            [
              {
                "params": [
                  "meanAT"
                ],
                "type": "field"
              },
              {
                "params": [],
                "type": "last"
              }
            ]
          ],
          "tags": [
            {
              "key": "application",
              "operator": "=~",
              "value": "/$app$/"
            }
          ]
        }
      ],
      "thresholds": "",
      "title": "Active Users",
      "type": "singlestat",
      "valueFontSize": "80%",
      "valueMaps": [
        {
          "op": "=",
          "text": "0",
          "value": "null"
        }
      ],
      "valueName": "current"
    },
    {
      "cacheTimeout": null,
      "colorBackground": false,
      "colorValue": false,
      "colors": [
        "rgba(245, 54, 54, 0.9)",
        "rgba(237, 129, 40, 0.89)",
        "rgba(50, 172, 45, 0.97)"
      ],
      "datasource": "${DS_JMETERDB}",
      "editable": true,
      "error": false,
      "format": "none",
      "gauge": {
        "maxValue": 100,
        "minValue": 0,
        "show": false,
        "thresholdLabels": false,
        "thresholdMarkers": true
      },
      "gridPos": {
        "h": 4,
        "w": 8,
        "x": 8,
        "y": 1
      },
      "id": 17,
      "interval": "",
      "links": [],
      "mappingType": 1,
      "mappingTypes": [
        {
          "name": "value to text",
          "value": 1
        },
        {
          "name": "range to text",
          "value": 2
        }
      ],
      "maxDataPoints": 100,
      "nullPointMode": "connected",
      "nullText": null,
      "postfix": " TPS",
      "postfixFontSize": "50%",
      "prefix": "",
      "prefixFontSize": "50%",
      "rangeMaps": [
        {
          "from": "null",
          "text": "N/A",
          "to": "null"
        }
      ],
      "sparkline": {
        "fillColor": "rgba(31, 118, 189, 0.18)",
        "full": true,
        "lineColor": "rgb(31, 120, 193)",
        "show": true
      },
      "tableColumn": "",
      "targets": [
        {
          "dsType": "influxdb",
          "groupBy": [
            {
              "params": [
                "$granularity"
              ],
              "type": "time"
            }
          ],
          "measurement": "jmeter",
          "policy": "default",
          "query": "SELECT sum(\"hit\")  / 30 FROM \"$retention\".\"jmeter\" WHERE \"application\" = '$app' AND \"transaction\" = 'all' AND $timeFilter GROUP BY time(30s)",
          "rawQuery": true,
          "refId": "A",
          "resultFormat": "time_series",
          "select": [
            [
              {
                "params": [
                  "hit"
                ],
                "type": "field"
              },
              {
                "params": [],
                "type": "last"
              },
              {
                "params": [
                  " / 5"
                ],
                "type": "math"
              }
            ]
          ],
          "tags": [
            {
              "key": "application",
              "operator": "=~",
              "value": "/$app$/"
            },
            {
              "condition": "AND",
              "key": "transaction",
              "operator": "=",
              "value": "all"
            }
          ]
        }
      ],
      "thresholds": "",
      "title": "Currents hits per Second",
      "type": "singlestat",
      "valueFontSize": "80%",
      "valueMaps": [
        {
          "op": "=",
          "text": "0",
          "value": "null"
        }
      ],
      "valueName": "current"
    },
    {
      "cacheTimeout": null,
      "colorBackground": false,
      "colorValue": true,
      "colors": [
        "rgba(50, 172, 45, 0.97)",
        "rgba(237, 129, 40, 0.89)",
        "rgba(245, 54, 54, 0.9)"
      ],
      "datasource": "${DS_JMETERDB}",
      "editable": true,
      "error": false,
      "format": "percentunit",
      "gauge": {
        "maxValue": 100,
        "minValue": 0,
        "show": false,
        "thresholdLabels": false,
        "thresholdMarkers": true
      },
      "gridPos": {
        "h": 4,
        "w": 8,
        "x": 16,
        "y": 1
      },
      "id": 21,
      "interval": "$granularity",
      "links": [],
      "mappingType": 1,
      "mappingTypes": [
        {
          "name": "value to text",
          "value": 1
        },
        {
          "name": "range to text",
          "value": 2
        }
      ],
      "maxDataPoints": 100,
      "nullPointMode": "connected",
      "nullText": null,
      "postfix": "",
      "postfixFontSize": "50%",
      "prefix": "",
      "prefixFontSize": "50%",
      "rangeMaps": [
        {
          "from": "null",
          "text": "N/A",
          "to": "null"
        }
      ],
      "sparkline": {
        "fillColor": "rgba(31, 118, 189, 0.18)",
        "full": true,
        "lineColor": "rgb(31, 120, 193)",
        "show": true
      },
      "tableColumn": "",
      "targets": [
        {
          "dsType": "influxdb",
          "groupBy": [],
          "measurement": "jmeter",
          "policy": "$retention",
          "query": "SELECT sum(\"countError\")  / sum(\"count\") FROM \"$retention\".\"jmeter\" WHERE \"application\" =~ /$app$/ AND \"transaction\" = 'all' AND $timeFilter",
          "rawQuery": true,
          "refId": "B",
          "resultFormat": "time_series",
          "select": [
            [
              {
                "params": [
                  "countError"
                ],
                "type": "field"
              },
              {
                "params": [],
                "type": "sum"
              },
              {
                "params": [
                  " / sum(\"count\")"
                ],
                "type": "math"
              }
            ]
          ],
          "tags": [
            {
              "key": "application",
              "operator": "=~",
              "value": "/$app$/"
            },
            {
              "condition": "AND",
              "key": "transaction",
              "operator": "=",
              "value": "all"
            }
          ]
        }
      ],
      "thresholds": "0.1,0.2",
      "title": "% Errors",
      "type": "singlestat",
      "valueFontSize": "80%",
      "valueMaps": [
        {
          "op": "=",
          "text": "0",
          "value": "null"
        }
      ],
      "valueName": "total"
    },
    {
      "aliasColors": {},
      "bars": false,
      "dashLength": 10,
      "dashes": false,
      "datasource": "${DS_JMETERDB}",
      "editable": true,
      "error": false,
      "fill": 1,
      "grid": {},
      "gridPos": {
        "h": 4,
        "w": 8,
        "x": 0,
        "y": 5
      },
      "id": 27,
      "interval": "$granularity",
      "legend": {
        "avg": false,
        "current": false,
        "max": false,
        "min": false,
        "show": false,
        "total": false,
        "values": false
      },
      "lines": true,
      "linewidth": 1,
      "links": [],
      "nullPointMode": "null as zero",
      "percentage": false,
      "pointradius": 5,
      "points": false,
      "renderer": "flot",
      "seriesOverrides": [],
      "spaceLength": 10,
      "stack": false,
      "steppedLine": true,
      "targets": [
        {
          "alias": "Hits",
          "dsType": "influxdb",
          "groupBy": [
            {
              "params": [
                "$granularity"
              ],
              "type": "time"
            },
            {
              "params": [
                "null"
              ],
              "type": "fill"
            }
          ],
          "measurement": "jmeter",
          "policy": "$retention",
          "query": "SELECT last(\"hit\")  / 5 FROM \"jmeter\" WHERE \"application\" =~ /$app$/ AND $timeFilter GROUP BY time($granularity) fill(null)",
          "refId": "A",
          "resultFormat": "time_series",
          "select": [
            [
              {
                "params": [
                  "hit"
                ],
                "type": "field"
              },
              {
                "params": [],
                "type": "last"
              },
              {
                "params": [
                  " / 5"
                ],
                "type": "math"
              }
            ]
          ],
          "tags": [
            {
              "key": "application",
              "operator": "=~",
              "value": "/$app$/"
            }
          ]
        }
      ],
      "thresholds": [],
      "timeFrom": null,
      "timeShift": null,
      "title": "Hits per Second",
      "tooltip": {
        "msResolution": false,
        "shared": true,
        "sort": 0,
        "value_type": "cumulative"
      },
      "type": "graph",
      "xaxis": {
        "buckets": null,
        "mode": "time",
        "name": null,
        "show": false,
        "values": []
      },
      "yaxes": [
        {
          "format": "short",
          "logBase": 1,
          "max": null,
          "min": 0,
          "show": true
        },
        {
          "format": "short",
          "logBase": 1,
          "max": null,
          "min": null,
          "show": true
        }
      ],
      "yaxis": {
        "align": false,
        "alignLevel": null
      }
    },
    {
      "cacheTimeout": null,
      "colorBackground": false,
      "colorValue": false,
      "colors": [
        "rgba(245, 54, 54, 0.9)",
        "rgba(237, 129, 40, 0.89)",
        "rgba(50, 172, 45, 0.97)"
      ],
      "datasource": "${DS_JMETERDB}",
      "editable": true,
      "error": false,
      "format": "none",
      "gauge": {
        "maxValue": 100,
        "minValue": 0,
        "show": false,
        "thresholdLabels": false,
        "thresholdMarkers": true
      },
      "gridPos": {
        "h": 4,
        "w": 8,
        "x": 8,
        "y": 5
      },
      "id": 22,
      "interval": "$granularity",
      "links": [],
      "mappingType": 1,
      "mappingTypes": [
        {
          "name": "value to text",
          "value": 1
        },
        {
          "name": "range to text",
          "value": 2
        }
      ],
      "maxDataPoints": 100,
      "nullPointMode": "connected",
      "nullText": null,
      "postfix": "",
      "postfixFontSize": "50%",
      "prefix": "",
      "prefixFontSize": "50%",
      "rangeMaps": [
        {
          "from": "null",
          "text": "N/A",
          "to": "null"
        }
      ],
      "sparkline": {
        "fillColor": "rgba(31, 118, 189, 0.18)",
        "full": true,
        "lineColor": "rgb(31, 120, 193)",
        "show": true
      },
      "tableColumn": "",
      "targets": [
        {
          "dsType": "influxdb",
          "groupBy": [],
          "measurement": "jmeter",
          "policy": "$retention",
          "query": "SELECT \"hit\" FROM \"jmeter\" WHERE \"application\" =~ /$app$/ AND \"statut\" = 'all' AND $timeFilter",
          "rawQuery": false,
          "refId": "A",
          "resultFormat": "time_series",
          "select": [
            [
              {
                "params": [
                  "hit"
                ],
                "type": "field"
              }
            ]
          ],
          "tags": [
            {
              "key": "application",
              "operator": "=~",
              "value": "/$app$/"
            },
            {
              "condition": "AND",
              "key": "statut",
              "operator": "=",
              "value": "all"
            }
          ]
        }
      ],
      "thresholds": "",
      "title": "Total Hits",
      "type": "singlestat",
      "valueFontSize": "80%",
      "valueMaps": [
        {
          "op": "=",
          "text": "0",
          "value": "null"
        }
      ],
      "valueName": "total"
    },
    {
      "aliasColors": {},
      "bars": false,
      "dashLength": 10,
      "dashes": false,
      "datasource": "${DS_JMETERDB}",
      "editable": true,
      "error": false,
      "fill": 1,
      "grid": {},
      "gridPos": {
        "h": 4,
        "w": 8,
        "x": 16,
        "y": 5
      },
      "id": 28,
      "interval": "$granularity",
      "legend": {
        "avg": false,
        "current": false,
        "max": false,
        "min": false,
        "show": false,
        "total": false,
        "values": false
      },
      "lines": true,
      "linewidth": 1,
      "links": [],
      "nullPointMode": "null",
      "percentage": false,
      "pointradius": 5,
      "points": false,
      "renderer": "flot",
      "seriesOverrides": [],
      "spaceLength": 10,
      "stack": false,
      "steppedLine": true,
      "targets": [
        {
          "alias": "Errors",
          "dsType": "influxdb",
          "groupBy": [
            {
              "params": [
                "$granularity"
              ],
              "type": "time"
            },
            {
              "params": [
                "0"
              ],
              "type": "fill"
            }
          ],
          "measurement": "jmeter",
          "policy": "$retention",
          "query": "SELECT mean(\"countError\")  / 5 FROM \"jmeter\" WHERE \"application\" =~ /$app$/ AND $timeFilter GROUP BY time($granularity) fill(0)",
          "rawQuery": false,
          "refId": "A",
          "resultFormat": "time_series",
          "select": [
            [
              {
                "params": [
                  "countError"
                ],
                "type": "field"
              },
              {
                "params": [],
                "type": "mean"
              },
              {
                "params": [
                  " / 5"
                ],
                "type": "math"
              }
            ]
          ],
          "tags": [
            {
              "key": "application",
              "operator": "=~",
              "value": "/$app$/"
            }
          ]
        }
      ],
      "thresholds": [],
      "timeFrom": null,
      "timeShift": null,
      "title": "Errors per Second",
      "tooltip": {
        "msResolution": false,
        "shared": true,
        "sort": 0,
        "value_type": "cumulative"
      },
      "type": "graph",
      "xaxis": {
        "buckets": null,
        "mode": "time",
        "name": null,
        "show": false,
        "values": []
      },
      "yaxes": [
        {
          "format": "short",
          "logBase": 1,
          "max": null,
          "min": 0,
          "show": true
        },
        {
          "format": "short",
          "logBase": 1,
          "max": null,
          "min": null,
          "show": true
        }
      ],
      "yaxis": {
        "align": false,
        "alignLevel": null
      }
    },
    {
      "collapsed": false,
      "gridPos": {
        "h": 1,
        "w": 24,
        "x": 0,
        "y": 9
      },
      "id": 36,
      "panels": [],
      "repeat": null,
      "title": "Application Metrics",
      "type": "row"
    },
    {
      "aliasColors": {},
      "bars": false,
      "dashLength": 10,
      "dashes": false,
      "datasource": "${DS_JMETERDB}",
      "editable": true,
      "error": false,
      "fill": 1,
      "grid": {},
      "gridPos": {
        "h": 18,
        "w": 24,
        "x": 0,
        "y": 10
      },
      "height": "",
      "id": 25,
      "interval": "$granularity",
      "legend": {
        "alignAsTable": true,
        "avg": true,
        "current": true,
        "hideEmpty": false,
        "max": true,
        "min": true,
        "rightSide": false,
        "show": true,
        "total": false,
        "values": true
      },
      "lines": true,
      "linewidth": 1,
      "links": [],
      "minSpan": 24,
      "nullPointMode": "null",
      "percentage": false,
      "pointradius": 5,
      "points": false,
      "renderer": "flot",
      "seriesOverrides": [],
      "spaceLength": 10,
      "stack": false,
      "steppedLine": true,
      "targets": [
        {
          "alias": "$tag_transaction",
          "dsType": "influxdb",
          "groupBy": [
            {
              "params": [
                "$granularity"
              ],
              "type": "time"
            },
            {
              "params": [
                "transaction"
              ],
              "type": "tag"
            }
          ],
          "hide": false,
          "measurement": "jmeter",
          "policy": "$retention",
          "query": "SELECT mean(\"avg\") FROM \"jmeter\" WHERE \"application\" =~ /$app$/ AND $timeFilter GROUP BY time($granularity), \"transaction\"",
          "rawQuery": false,
          "refId": "A",
          "resultFormat": "time_series",
          "select": [
            [
              {
                "params": [
                  "avg"
                ],
                "type": "field"
              },
              {
                "params": [],
                "type": "mean"
              }
            ]
          ],
          "tags": [
            {
              "key": "application",
              "operator": "=~",
              "value": "/$app$/"
            },
            {
              "condition": "AND",
              "key": "statut",
              "operator": "=",
              "value": "all"
            }
          ]
        }
      ],
      "thresholds": [],
      "timeFrom": null,
      "timeShift": null,
      "title": "Average Response Time",
      "tooltip": {
        "msResolution": false,
        "shared": false,
        "sort": 0,
        "value_type": "cumulative"
      },
      "transparent": false,
      "type": "graph",
      "xaxis": {
        "buckets": null,
        "mode": "time",
        "name": null,
        "show": true,
        "values": []
      },
      "yaxes": [
        {
          "format": "ms",
          "logBase": 1,
          "max": null,
          "min": null,
          "show": true
        },
        {
          "format": "short",
          "logBase": 1,
          "max": null,
          "min": null,
          "show": true
        }
      ],
      "yaxis": {
        "align": false,
        "alignLevel": null
      }
    },
    {
      "aliasColors": {},
      "bars": false,
      "dashLength": 10,
      "dashes": false,
      "datasource": "${DS_JMETERDB}",
      "editable": true,
      "error": false,
      "fill": 1,
      "grid": {},
      "gridPos": {
        "h": 18,
        "w": 24,
        "x": 0,
        "y": 28
      },
      "height": "",
      "id": 26,
      "interval": "$granularity",
      "legend": {
        "alignAsTable": true,
        "avg": true,
        "current": true,
        "hideEmpty": false,
        "max": true,
        "min": true,
        "rightSide": false,
        "show": true,
        "sort": "current",
        "sortDesc": true,
        "total": false,
        "values": true
      },
      "lines": true,
      "linewidth": 1,
      "links": [],
      "minSpan": 24,
      "nullPointMode": "null",
      "percentage": false,
      "pointradius": 5,
      "points": false,
      "renderer": "flot",
      "seriesOverrides": [],
      "spaceLength": 10,
      "stack": false,
      "steppedLine": true,
      "targets": [
        {
          "alias": "$tag_transaction",
          "dsType": "influxdb",
          "groupBy": [
            {
              "params": [
                "30s"
              ],
              "type": "time"
            },
            {
              "params": [
                "transaction"
              ],
              "type": "tag"
            }
          ],
          "measurement": "jmeter",
          "policy": "$retention",
          "query": "SELECT mean(\"count\")  / 5 FROM \"jmeter\" WHERE \"application\" =~ /$app$/ AND \"transaction\" <> 'all' AND $timeFilter GROUP BY time($granularity), \"transaction\"",
          "rawQuery": false,
          "refId": "A",
          "resultFormat": "time_series",
          "select": [
            [
              {
                "params": [
                  "count"
                ],
                "type": "field"
              },
              {
                "params": [],
                "type": "sum"
              },
              {
                "params": [
                  " / 30"
                ],
                "type": "math"
              }
            ]
          ],
          "tags": [
            {
              "key": "application",
              "operator": "=~",
              "value": "/$app$/"
            },
            {
              "condition": "AND",
              "key": "transaction",
              "operator": "<>",
              "value": "all"
            },
            {
              "condition": "AND",
              "key": "statut",
              "operator": "=",
              "value": "all"
            }
          ]
        }
      ],
      "thresholds": [],
      "timeFrom": null,
      "timeShift": null,
      "title": "Transaction Per Second",
      "tooltip": {
        "msResolution": false,
        "shared": false,
        "sort": 0,
        "value_type": "cumulative"
      },
      "transparent": false,
      "type": "graph",
      "xaxis": {
        "buckets": null,
        "mode": "time",
        "name": null,
        "show": true,
        "values": []
      },
      "yaxes": [
        {
          "format": "ops",
          "label": "",
          "logBase": 1,
          "max": null,
          "min": null,
          "show": true
        },
        {
          "format": "short",
          "logBase": 1,
          "max": null,
          "min": null,
          "show": true
        }
      ],
      "yaxis": {
        "align": false,
        "alignLevel": null
      }
    },
    {
      "aliasColors": {},
      "bars": false,
      "dashLength": 10,
      "dashes": false,
      "datasource": "${DS_JMETERDB}",
      "editable": true,
      "error": false,
      "fill": 1,
      "grid": {},
      "gridPos": {
        "h": 18,
        "w": 24,
        "x": 0,
        "y": 46
      },
      "height": "",
      "id": 29,
      "interval": "$granularity",
      "legend": {
        "alignAsTable": true,
        "avg": true,
        "current": true,
        "hideEmpty": false,
        "max": true,
        "min": true,
        "rightSide": false,
        "show": true,
        "total": false,
        "values": true
      },
      "lines": true,
      "linewidth": 1,
      "links": [],
      "minSpan": 24,
      "nullPointMode": "null",
      "percentage": false,
      "pointradius": 5,
      "points": false,
      "renderer": "flot",
      "seriesOverrides": [],
      "spaceLength": 10,
      "stack": false,
      "steppedLine": true,
      "targets": [
        {
          "alias": "$tag_transaction",
          "dsType": "influxdb",
          "groupBy": [
            {
              "params": [
                "30s"
              ],
              "type": "time"
            },
            {
              "params": [
                "transaction"
              ],
              "type": "tag"
            },
            {
              "params": [
                "null"
              ],
              "type": "fill"
            }
          ],
          "measurement": "jmeter",
          "policy": "$retention",
          "query": "SELECT last(\"count\")  / 30 FROM \"$retention\".\"jmeter\" WHERE \"application\" =~ /$app$/ AND \"statut\" = 'ko' AND $timeFilter GROUP BY time(30s), \"transaction\" fill(null)",
          "rawQuery": false,
          "refId": "B",
          "resultFormat": "time_series",
          "select": [
            [
              {
                "params": [
                  "count"
                ],
                "type": "field"
              },
              {
                "params": [],
                "type": "sum"
              },
              {
                "params": [
                  " / 30"
                ],
                "type": "math"
              }
            ]
          ],
          "tags": [
            {
              "key": "application",
              "operator": "=~",
              "value": "/$app$/"
            },
            {
              "condition": "AND",
              "key": "statut",
              "operator": "=",
              "value": "ko"
            }
          ]
        }
      ],
      "thresholds": [],
      "timeFrom": null,
      "timeShift": null,
      "title": "Error Per Second",
      "tooltip": {
        "msResolution": false,
        "shared": false,
        "sort": 0,
        "value_type": "cumulative"
      },
      "transparent": false,
      "type": "graph",
      "xaxis": {
        "buckets": null,
        "mode": "time",
        "name": null,
        "show": true,
        "values": []
      },
      "yaxes": [
        {
          "format": "ops",
          "label": "",
          "logBase": 1,
          "max": null,
          "min": null,
          "show": true
        },
        {
          "format": "short",
          "logBase": 1,
          "max": null,
          "min": null,
          "show": true
        }
      ],
      "yaxis": {
        "align": false,
        "alignLevel": null
      }
    },
    {
      "aliasColors": {},
      "bars": false,
      "dashLength": 10,
      "dashes": false,
      "datasource": "${DS_JMETERDB}",
      "editable": true,
      "error": false,
      "fill": 1,
      "grid": {},
      "gridPos": {
        "h": 18,
        "w": 24,
        "x": 0,
        "y": 64
      },
      "height": "",
      "id": 34,
      "interval": "",
      "legend": {
        "alignAsTable": true,
        "avg": true,
        "current": true,
        "hideEmpty": true,
        "hideZero": true,
        "max": true,
        "min": true,
        "rightSide": false,
        "show": true,
        "total": false,
        "values": true
      },
      "lines": true,
      "linewidth": 1,
      "links": [],
      "minSpan": 24,
      "nullPointMode": "null",
      "percentage": false,
      "pointradius": 1,
      "points": false,
      "renderer": "flot",
      "seriesOverrides": [],
      "spaceLength": 10,
      "stack": false,
      "steppedLine": true,
      "targets": [
        {
          "alias": "$tag_transaction - $tag_responseCode : $tag_responseMessage",
          "dsType": "influxdb",
          "groupBy": [
            {
              "params": [
                "30s"
              ],
              "type": "time"
            },
            {
              "params": [
                "responseMessage"
              ],
              "type": "tag"
            },
            {
              "params": [
                "responseCode"
              ],
              "type": "tag"
            },
            {
              "params": [
                "transaction"
              ],
              "type": "tag"
            },
            {
              "params": [
                "null"
              ],
              "type": "fill"
            }
          ],
          "measurement": "jmeter",
          "policy": "$retention",
          "query": "SELECT sum(\"count\")  / 5 FROM \"jmeter\" WHERE \"application\" =~ /$app$/ AND \"statut\" = 'ko' AND $timeFilter GROUP BY time($granularity), \"responseCode\" fill(null)",
          "rawQuery": false,
          "refId": "B",
          "resultFormat": "time_series",
          "select": [
            [
              {
                "params": [
                  "count"
                ],
                "type": "field"
              },
              {
                "params": [],
                "type": "sum"
              },
              {
                "params": [
                  " / 30"
                ],
                "type": "math"
              }
            ]
          ],
          "tags": [
            {
              "key": "application",
              "operator": "=~",
              "value": "/$app$/"
            },
            {
              "condition": "AND",
              "key": "responseCode",
              "operator": "!~",
              "value": "/^0$|^$/"
            },
            {
              "condition": "AND",
              "key": "transaction",
              "operator": "=~",
              "value": "/$transaction/"
            }
          ]
        }
      ],
      "thresholds": [],
      "timeFrom": null,
      "timeShift": null,
      "title": "Error detail",
      "tooltip": {
        "msResolution": false,
        "shared": true,
        "sort": 0,
        "value_type": "cumulative"
      },
      "transparent": false,
      "type": "graph",
      "xaxis": {
        "buckets": null,
        "mode": "time",
        "name": null,
        "show": true,
        "values": []
      },
      "yaxes": [
        {
          "format": "none",
          "label": "",
          "logBase": 1,
          "max": null,
          "min": null,
          "show": true
        },
        {
          "format": "short",
          "logBase": 1,
          "max": null,
          "min": null,
          "show": true
        }
      ],
      "yaxis": {
        "align": false,
        "alignLevel": null
      }
    }
  ],
  "refresh": "30s",
  "schemaVersion": 16,
  "style": "dark",
  "tags": [],
  "templating": {
    "list": [
      {
        "allValue": ".*",
        "current": {},
        "datasource": "${DS_JMETERDB}",
        "hide": 0,
        "includeAll": false,
        "label": null,
        "multi": true,
        "name": "app",
        "options": [],
        "query": "SHOW TAG VALUES FROM \"process\" WITH KEY = \"application\"",
        "refresh": 2,
        "regex": "",
        "sort": 1,
        "tagValuesQuery": "",
        "tags": [],
        "tagsQuery": "SHOW TAG VALUES FROM \"events\" WITH KEY = \"tags\"",
        "type": "query",
        "useTags": false
      },
      {
        "allFormat": "regex wildcard",
        "auto": false,
        "auto_count": 10,
        "auto_min": "10s",
        "current": {
          "text": "1m",
          "value": "1m"
        },
        "datasource": "jmeterdb",
        "hide": 0,
        "includeAll": true,
        "label": "",
        "multi": false,
        "multiFormat": "glob",
        "name": "granularity",
        "options": [
          {
            "selected": true,
            "text": "1m",
            "value": "1m"
          },
          {
            "selected": false,
            "text": "5m",
            "value": "5m"
          },
          {
            "selected": false,
            "text": "1h",
            "value": "1h"
          },
          {
            "selected": false,
            "text": "5s",
            "value": "5s"
          },
          {
            "selected": false,
            "text": "15s",
            "value": "15s"
          },
          {
            "selected": false,
            "text": "30s",
            "value": "30s"
          }
        ],
        "query": "1m,5m,1h,5s,15s,30s",
        "refresh": 2,
        "regex": "",
        "type": "interval"
      },
      {
        "allValue": null,
        "current": {},
        "datasource": "${DS_JMETERDB}",
        "hide": 0,
        "includeAll": false,
        "label": null,
        "multi": false,
        "name": "retention",
        "options": [],
        "query": "SHOW RETENTION POLICIES ON \"jmeterdb\"",
        "refresh": 1,
        "regex": "",
        "sort": 0,
        "tagValuesQuery": null,
        "tags": [],
        "tagsQuery": null,
        "type": "query",
        "useTags": false
      },
      {
        "allValue": ".*",
        "current": {},
        "datasource": "${DS_JMETERDB}",
        "hide": 0,
        "includeAll": true,
        "label": null,
        "multi": true,
        "name": "transaction",
        "options": [],
        "query": "SHOW TAG VALUES FROM \"jmeter\" WITH KEY IN (\"transaction\",\"application\") where application =~ /$app/ and transaction  !~ /all/",
        "refresh": 2,
        "regex": "",
        "sort": 0,
        "tagValuesQuery": null,
        "tags": [],
        "tagsQuery": null,
        "type": "query",
        "useTags": false
      }
    ]
  },
  "time": {
    "from": "now-30m",
    "to": "now"
  },
  "timepicker": {
    "now": true,
    "refresh_intervals": [
      "10s",
      "30s",
      "1m",
      "5m",
      "15m",
      "30m",
      "1h",
      "2h",
      "1d"
    ],
    "time_options": [
      "5m",
      "15m",
      "1h",
      "6h",
      "12h",
      "24h",
      "2d",
      "7d",
      "30d"
    ]
  },
  "timezone": "browser",
  "title": "JMeter Metric Template",
  "uid": "ltaas",
  "version": 1
}